,slope,slope_std,x_95,y_std_95,color,label,y_95,metric,std_metric,metric_y_95,metric_y_95_std,x_axis
ice,0.4606010250309179,0.28812513037149184,3121.1338876333543,899.2771082812413,blue,ice,1437.5974679026567,0.5414776137657747,0.28419946998509366,1690.0241297192044,887.0245966179142,wheelEncoder
grass,0.7447045024746564,0.27652598560229935,3167.3903517482354,875.8657388043944,green,grass,2358.7698560416966,0.30486657540245,0.22067800745071567,965.631449500246,698.973391642422,wheelEncoder
