,slope,slope_std,x_95,y_std_95,color,label,y_95
ice,0.3199956787072151,0.0179101338860556,6.27994746002687,0.11247469980647602,blue,ice,2.00955604971695
sand,0.7484375638462242,0.02312151640098351,6.790748316357075,0.15701239857160126,darkgoldenrod,sand,5.082451126587138
gravel,0.8553444641170124,0.016575464063796064,7.383742863398792,0.12238896448857733,orange,gravel,6.315643582671655
asphalt,0.9206252203045316,0.017757394262100178,7.278669121967621,0.12925019730215356,pink,asphalt,6.700926363935233
grass,0.7745320510339329,0.018602088548292168,6.373018816394838,0.11855146034250892,green,grass,4.936107335140141
